Gene	edge	fisher_test_edge_OR	fisher_test_edge_pvalue	SNP-path	XYs-edge	druggable
SNORD127	ENHA_SP1;SMAD3	0.218064393084949	1.09443280085413e-48	False	((1.1, 1.1), array([-0.00034625,  0.0006417 ]))	False
SNORD127	ENHA_RELA;SMAD3	0.651634445085309	0.0007191481310863	False	((1.1666666666666667, 0.7333333333333334), array([-0.00034625,  0.0006417 ]))	False
SNORD127	ENHA_MAX;SMAD3	0.417797451245551	9.342068932049559e-16	False	((1.1, 0.0), array([-0.00034625,  0.0006417 ]))	False
SNORD127	ENHA_MYC;SMAD3	0.393404519337655	5.57631748601352e-11	False	((1.1333333333333335, 0.3666666666666667), array([-0.00034625,  0.0006417 ]))	False
SNORD127	ENHA_FOXH1;SMAD3	0.560586649764351	1.73690077014406e-05	False	((1.1333333333333335, -0.7333333333333334), array([-0.00034625,  0.0006417 ]))	False
SNORD127	ENHA_JUNB;SMAD3	0.613872224079483	9.68273318676063e-06	False	((1.1666666666666667, -0.3666666666666667), array([-0.00034625,  0.0006417 ]))	False
SNORD127	ENHA_FOS;SMAD3	0.571936192630508	3.91616058005901e-06	False	((1.1, -1.1), array([-0.00034625,  0.0006417 ]))	False
SNORD127	PROM_PRDM4;SMAD3	1.70461046077677	0.0341397348572839	False	((-1.1, -1.1), array([-0.00034625,  0.0006417 ]))	False
