promoter	protein	is_enhancer	is_promoter	is_intermediate	X-graph-coord	Y-graph-coord	degree	expression_log2FoldChange	expression_padj	SNP-binding	Betweenness_global	Degree_global	Betweenness_in_cluster	Betweenness_out_cluster	Betweenness_enrichment	Degree_in_cluster	Degree_out_cluster	Degree_enrichment	Betweenness_enrichment_pval	Degree_enrichment_pval	fisher_test_OR	fisher_test_pval
SNORD127	ENHA_JUNB	True	False	False	1.1666666666666667	-0.3666666666666667	1	-2.09178732845927	2.5118998110314602e-87	False											0.613872224079483	9.68273318676063e-06
SNORD127	ENHA_RELA	True	False	False	1.1666666666666667	0.7333333333333334	1	-0.0830794465946176	0.417800025186821	False											0.651634445085309	0.0007191481310863
SNORD127	ENHA_SP1	True	False	False	1.1	1.1	1	-0.733707104214519	4.5131323926585794e-18	False											0.218064393084949	1.09443280085413e-48
SNORD127	ENHA_FOS	True	False	False	1.1	-1.1	1	0.498702747190724	0.0001190838470953	False											0.571936192630508	3.91616058005901e-06
SNORD127	ENHA_MYC	True	False	False	1.1333333333333335	0.3666666666666667	1	0.678826795642739	2.0942350848026002e-26	False											0.393404519337655	5.57631748601352e-11
SNORD127	ENHA_FOXH1	True	False	False	1.1333333333333335	-0.7333333333333334	1	7.57122607202611	4.13043947126689e-28	False											0.560586649764351	1.73690077014406e-05
SNORD127	ENHA_MAX	True	False	False	1.1	0.0	1	0.371354138784978	0.0003333213229736	False											0.417797451245551	9.342068932049559e-16
SNORD127	PROM_PRDM4	False	True	False	-1.1	-1.1	1	-1.11032437821805	2.54671140550143e-21	False											1.70461046077677	0.0341397348572839
SNORD127	SMAD3	False	False	True	-0.00034625394623478614	0.0006417032825337826	8	-2.16165222493266	8.320005204690681e-58	False	0.0142633521925969	0.0353982300884956	0.0319903843963665	0.0255432339318829	1.25240149628964	0.064044353517663	0.0569000856026986	1.12555812244025	1.0	1.0	0.121817245833613	1.08459053688121e-46
